account,post,follower,follow,open_account,official_account
https://instagram.com/lalalalisa_m,535,33037732,0,1,1
https://instagram.com/real__pcy,791,21023710,243,1,1
https://instagram.com/jennierubyjane,547,27012933,0,1,1
https://instagram.com/sooyaaa__,363,22499796,0,1,1
https://instagram.com/skuukzky,1299,12132437,239,1,1
https://instagram.com/hudabeauty,535,43907023,795,1,1
https://instagram.com/baifernbah,4917,7008072,465,1,1
https://instagram.com/roses_are_rosie,420,24014665,0,1,1
https://instagram.com/taewaew_natapohn,6629,6243462,995,1,1
https://instagram.com/jacksonwang852g7,662,17420197,412,1,1
https://instagram.com/cathygonzaga,1962,9007313,102,1,1
https://instagram.com/minminmin0712,937,1701839,267,1,1
https://instagram.com/taeri__taeri,407,1716525,487,1,1
https://instagram.com/patriciagood,965,1821838,241,1,1
https://instagram.com/3ce_official,5200,1772574,16,1,1
https://instagram.com/victoriabeckham,3459,28326192,276,1,1
https://instagram.com/jessica.syj,823,9264299,6,1,1
https://instagram.com/__shinyeeun,176,1635233,14,1,1
https://instagram.com/gwangoamsinn,4010,1730931,489,1,1
https://instagram.com/lizasoberano,631,13100545,459,1,1
https://instagram.com/hi_sseulgi,212,5834734,13,1,1
https://instagram.com/lilymaymac,1294,4121185,575,1,1
https://instagram.com/mookworranit,4517,2723073,1005,1,1
https://instagram.com/sora_pppp,944,1014339,395,1,0
https://instagram.com/hyoyeon_x_x,1219,5094009,41,1,1
https://instagram.com/apitsada,8102,3550219,673,1,1
https://instagram.com/miyayeah,2156,6251163,362,1,1
https://instagram.com/kisy0729,4174,783186,829,1,1
https://instagram.com/goyounjung,157,770033,1,1,1
https://instagram.com/theniti,6123,2502332,353,1,1
https://instagram.com/yook_can_do_it,339,3104609,42,1,1
https://instagram.com/chinitaprincess,3187,8587604,1059,1,1
https://instagram.com/vivamoon,6144,648781,216,1,0
https://instagram.com/duearisara,3809,2954813,335,1,1
https://instagram.com/rolaofficial,4083,6096418,1351,1,1
https://instagram.com/vely.mom,787,721960,227,1,0
https://instagram.com/overdokyungsoo,254,2184780,52,1,0
https://instagram.com/boakwon,872,3283106,194,1,1
https://instagram.com/jpreem,4171,1468559,584,1,1
https://instagram.com/songdaeik,245,370620,0,1,0
https://instagram.com/_twinkle_makeup_,422,316944,470,1,0
https://instagram.com/risabae_art,1293,999229,548,1,1
https://instagram.com/khunfour,4226,2588677,836,1,1
https://instagram.com/somsomi0309,220,6568133,6,1,1
https://instagram.com/dahee0315,981,1850811,93,1,1
https://instagram.com/_yoonkyoung,158,310790,149,1,1
https://instagram.com/seoa_p,672,288977,471,1,1
https://instagram.com/kyj._.95,218,565405,275,1,0
https://instagram.com/villwannarot,5947,1609473,908,1,1
https://instagram.com/zipcy,762,715606,432,1,0
https://instagram.com/garin_ss,3054,442528,91,1,1
https://instagram.com/come2david,875,291303,670,1,0
https://instagram.com/areumsongee,2714,400809,456,1,1
https://instagram.com/a12486,456,370301,87,1,1
https://instagram.com/deardahlia_beauty,1266,291881,863,1,1
https://instagram.com/huoggiangggg,1066,3277067,211,1,1
https://instagram.com/dancingmulgogi,1365,262628,349,1,1
https://instagram.com/rothy_ming,563,240743,276,1,1
https://instagram.com/seungcheol__j,837,279034,569,1,0
https://instagram.com/makeup_maker_,2787,242595,196,1,0
https://instagram.com/woooozzzzz,1541,370020,324,1,0
https://instagram.com/delight_hyeon,375,320009,60,1,0
https://instagram.com/kwrhome,2523,191252,394,1,1
https://instagram.com/vtcosmetics_official,3959,1114397,2,1,1
https://instagram.com/charmant__u,360,200830,251,1,0
https://instagram.com/xoyeonee,423,277262,613,1,0
https://instagram.com/jessie_ca_x,905,249849,275,1,0
https://instagram.com/saayworld,346,194324,478,1,1
https://instagram.com/velyvely0_,441,204139,269,1,0
https://instagram.com/yoomth,7292,326392,699,1,0
https://instagram.com/misssohn,2120,144364,357,1,1
https://instagram.com/yoobohwa,1201,166939,288,1,1
https://instagram.com/mangoo_6,138,453463,199,1,0
https://instagram.com/bosong_s2_,192,449740,165,1,0
https://instagram.com/do2i_,639,136667,389,1,0
https://instagram.com/bell_aiya,891,564249,389,1,0
https://instagram.com/yoonara_mood,2694,482311,544,1,0
https://instagram.com/another_youla,10894,126123,1020,1,0
https://instagram.com/pakkaramai,5836,587374,701,1,1
https://instagram.com/jaeinn,690,160043,219,1,0
https://instagram.com/kaone815,3435,223636,357,1,1
https://instagram.com/annacay,2173,353812,1570,1,1
https://instagram.com/shortbutstunning,6648,203397,374,1,0
https://instagram.com/imvely_official,2725,101537,5,1,0
https://instagram.com/laneige_kr,2051,405354,17,1,1
https://instagram.com/minyoung_aori,1204,416329,591,1,1
https://instagram.com/gini_s2_,536,577242,324,1,0
https://instagram.com/yangmeera,1146,95506,235,1,1
https://instagram.com/parkgirim,2149,129350,276,1,0
https://instagram.com/jenna_chew,417,2017304,618,1,1
https://instagram.com/blossomh_,996,177100,491,1,1
https://instagram.com/kimheejin331,1121,112516,42,1,0
https://instagram.com/lxxseyoung,681,221598,289,1,0
https://instagram.com/beautyplmagazine,5949,674118,0,1,0
https://instagram.com/ahrimin1206,708,198370,318,1,0
https://instagram.com/hansstyle_hanna,12564,235088,338,1,0
https://instagram.com/le_cormang,8620,152633,354,0,0
https://instagram.com/vvery_woony,1757,109574,533,1,0
https://instagram.com/endorphin.oh,4868,110992,460,1,0
https://instagram.com/____onnu____,9553,148548,469,1,0
https://instagram.com/ahsy_u,659,390496,399,1,0
https://instagram.com/peripera_official,1279,509474,1,1,1
https://instagram.com/__dropin,92,112491,520,1,0
https://instagram.com/holikaholika_official,1024,274617,68,1,1
https://instagram.com/knhs2,307,747937,116,1,0
https://instagram.com/gemma_811,3089,593310,463,1,1
https://instagram.com/thedudacastro,447,1032278,477,1,1
https://instagram.com/88bbong,3839,202201,409,1,1
https://instagram.com/benefitcosmeticskorea,6067,200923,160,1,1
https://instagram.com/grace1.co.kr__,6515,123053,1246,1,0
https://instagram.com/yehdeb,1618,808222,961,1,1
https://instagram.com/dawniscoming,3118,228883,1003,1,1
https://instagram.com/wonderpyo,8740,78389,1554,1,0
https://instagram.com/withnami,2966,166395,387,1,1
https://instagram.com/pt_u_jin,305,234392,314,1,1
https://instagram.com/ro.junghwa,884,367579,316,1,0
https://www.instagram.com/chahong.official/,1176,201747,2,1,1
https://instagram.com/aheadsman_l,1132,231347,10,1,0
https://instagram.com/derful_yuri,3259,71109,106,1,0
https://instagram.com/__h.bin,624,257710,31,1,0
https://instagram.com/ryun1013,1696,46917,3233,1,0
https://instagram.com/yeon.sun,976,92692,177,1,0
https://instagram.com/egeeparkcom,3443,128558,1237,1,1
https://www.instagram.com/iammaeng/,1184,237548,478,1,0
https://instagram.com/aprilskin_korea,840,130966,0,1,1
https://instagram.com/go_bambi,3368,168540,284,1,0
https://instagram.com/memebox_pick,2486,193005,7,1,1
https://instagram.com/heejaeholic,8182,169786,983,1,0
https://instagram.com/moonshot_korea,1088,225823,5,1,1
https://instagram.com/128page,1012,230651,368,1,0
https://instagram.com/minsung8809,874,277177,904,1,0
https://instagram.com/daese1230,565,78431,141,1,0
https://instagram.com/joontopia_,209,80232,76,1,0
https://instagram.com/vecnexz,167,318534,223,1,0
https://instagram.com/real__siri,2242,69998,811,1,0
https://instagram.com/kwaktori,3218,147183,449,1,1
https://instagram.com/yoou.ch,2078,390105,571,1,0
https://instagram.com/heididrinkslove,3127,155397,287,1,1
https://instagram.com/besthairstylesmen,953,185332,3795,1,0
https://instagram.com/naturerepublic_kr,1588,614252,0,1,1
https://instagram.com/i.hate.cucumber,331,197545,297,1,0
https://instagram.com/bbia.official,962,204549,2,1,1
https://instagram.com/jju_dresser,3224,131147,503,1,0
https://instagram.com/mini_o24,1247,62586,178,1,0
https://instagram.com/yeonpilates,2658,241107,407,1,0
https://instagram.com/olaborasong,3033,199824,611,1,0
https://instagram.com/mming_kkong_,1513,68562,994,1,0
https://instagram.com/hyanggggg_,1048,212423,351,1,0
https://instagram.com/leah_miso,1508,211396,123,1,0
https://instagram.com/jenny_beauty0209,666,235259,234,1,0
https://instagram.com/iamtaengja,134,41924,414,1,0
https://instagram.com/tamystory,1970,66466,666,1,1
https://instagram.com/kimdayeong_life,2383,169374,311,1,0
https://instagram.com/yeonggine,61,113803,865,1,0
https://instagram.com/nice_nemo,3042,121858,832,1,0
https://instagram.com/manyo_yoojin,6107,597799,228,1,0
https://instagram.com/cchan_fee4,1204,252238,986,1,1
https://instagram.com/sson__s,2308,46493,289,1,0
https://instagram.com/kukukuyeah,620,215266,568,1,0
https://instagram.com/moon_hahyeon,355,176860,919,1,0
https://instagram.com/twinkle_sunny7,3812,318056,674,1,0
https://instagram.com/bunnyaire,6216,462006,895,1,1
https://instagram.com/_s_hj,270,199166,355,1,0
https://instagram.com/froydz,422,649338,461,1,0
https://instagram.com/sso_ix,525,88672,79,1,0
https://instagram.com/harry_bloom,519,167366,458,1,0
https://instagram.com/all6i2,1817,92992,2,1,0
https://instagram.com/sh1994m,387,156661,208,1,0
https://instagram.com/16.brand,1755,183395,5,1,0
https://instagram.com/theorohaejung,17105,88054,1333,1,0
https://instagram.com/pinksecret85,12589,145547,464,1,0
https://instagram.com/ysubini,715,206426,179,1,0
https://instagram.com/mint_factory.1004,505,70249,375,1,0
https://instagram.com/___solvely___,260,392266,203,1,0
https://instagram.com/louis0387,2529,124125,1165,1,0
https://instagram.com/luv_jayne,994,156951,567,1,0
https://instagram.com/yonyonyxx,1263,161413,277,1,0
https://instagram.com/love_boki,10378,145656,705,1,0
https://instagram.com/atoi_jihyo,725,93960,285,1,0
https://instagram.com/laun_kr,4128,184296,885,1,0
https://instagram.com/heizlemakeup,1099,186400,379,1,1
https://instagram.com/ddimmi96,460,194951,247,1,0
https://instagram.com/y_unanaa,4037,68995,225,1,0
https://instagram.com/ahk0925,1316,110228,661,1,0
https://instagram.com/moonguiyoung,2717,108936,415,1,0
https://instagram.com/ecom0920,2522,95189,399,1,0
https://instagram.com/akaribeauty7,2755,155370,356,1,0
https://instagram.com/victoritalovely,241,144101,4755,1,0
https://instagram.com/hinzajoa,4467,280776,432,1,0
https://instagram.com/mamondekorea,964,205248,7,1,1
https://instagram.com/lxoxoee,119,223878,141,1,0
https://instagram.com/sjingg_,1069,72815,275,1,1
https://instagram.com/yoon__bling,2349,71954,304,1,0
https://instagram.com/dd.mini,2837,122543,617,1,0
https://instagram.com/he1.da,287,210700,81,1,0
https://instagram.com/6_21ds,165,155663,449,1,0
https://instagram.com/woohye0n,58,694273,403,1,1
https://instagram.com/mona_monanim,269,192200,108,1,0
https://instagram.com/kimzayoung,743,178676,441,1,0
https://instagram.com/mozzi.00,1002,121208,394,1,0
https://instagram.com/minami.riho,227,101301,149,1,0
https://instagram.com/arjenia,4680,169583,2,1,0
https://instagram.com/l.h.mom,352,140503,180,1,1
https://instagram.com/insight.co.kr_beauty,3632,129869,204,1,1
https://instagram.com/rilaccoco,609,171075,476,1,1
https://instagram.com/seonihwang,316,127591,317,1,1
https://instagram.com/nail_seoriyam,2969,76719,299,1,0
https://instagram.com/keemme_,865,141173,543,1,0
https://instagram.com/jardindemaison,9086,38723,706,1,0
https://instagram.com/ryu_angel,2039,85873,629,1,0
https://instagram.com/d.hwan_92,495,196190,283,1,0
https://instagram.com/summyis,639,79286,231,1,0
https://instagram.com/hael_kk,1615,76526,496,1,0
https://instagram.com/0__0man,1434,389050,271,1,0
https://instagram.com/di_oniz,911,36369,638,1,0
https://instagram.com/chaebubble,728,127452,321,1,0
https://instagram.com/__joovely__,908,125364,366,1,0
https://instagram.com/gamgak_j,4377,87357,368,1,0
https://instagram.com/binlog_,5639,44946,704,1,0
https://instagram.com/dunamandu,4259,72912,586,1,0
https://instagram.com/the_clerk_48,238,41407,54,1,0
https://instagram.com/ev.alet,559,165180,181,1,1
https://instagram.com/sjeuro,1766,130012,168,1,0
https://instagram.com/cheristyle_,981,160703,892,1,0
https://instagram.com/hahana111,3828,48743,860,1,1
https://instagram.com/velyyson_g,1019,276565,186,1,0
https://instagram.com/__bygracekim,1085,413062,362,1,0
https://instagram.com/m1ss_ryu,7236,101302,463,1,0
https://instagram.com/monaka.beauty,635,64870,305,1,0
https://instagram.com/gombooin,10224,52038,302,1,0
https://instagram.com/b_bangg_,842,128803,672,1,0
https://instagram.com/nail_0408,2312,100033,626,1,0
https://instagram.com/b_bsssss,1866,103603,7305,1,0
https://instagram.com/_yunboktv,256,48840,482,1,0
https://instagram.com/y._.bling,228,133914,31,1,0
https://instagram.com/soyeo,1588,43323,466,1,0
https://instagram.com/96.kim,196,69257,329,1,0
https://instagram.com/yuuhyemin,273,189475,84,1,0
https://instagram.com/parkahin,2423,90789,215,1,0
https://instagram.com/marie_yeon,4609,73344,290,1,0
https://instagram.com/edgeo516/,1959,129583,246,1,0
https://instagram.com/hp.i09,279,187598,264,1,0
https://instagram.com/hohobeautylog,1001,139302,349,1,0
https://instagram.com/mong2_mom,912,188273,218,1,1
https://instagram.com/sophia_living,1719,78248,636,0,1
https://instagram.com/cha.star,1511,97387,385,1,0
https://instagram.com/seoltamin,6472,39706,667,1,0
https://instagram.com/jinsolllllllshin,1688,143912,226,1,0
https://instagram.com/afma22,657,180884,130,1,0
https://instagram.com/yoongandchic,4203,77900,293,1,0
https://instagram.com/o_yene,100,206350,158,1,0
https://instagram.com/enricatarolla,1362,43907,2436,1,0
https://instagram.com/usb72,221,76243,79,1,0
https://instagram.com/pinkeh2015,944,94871,126,1,1
https://instagram.com/doa_s2,583,160373,275,1,0
https://instagram.com/koojungyeon,6157,66207,655,1,0
https://instagram.com/velyvely_official,1428,38428,5,1,0
https://instagram.com/yeondukong,1024,169111,5,1,0
https://instagram.com/yeseo_yedam_mom,899,90969,168,1,0
https://instagram.com/alicefunk9093,2286,70353,959,1,1
https://instagram.com/hp_makeup.kr,551,120718,278,1,0
https://instagram.com/hyunjeongkkim,3099,80108,0,1,0
https://instagram.com/hyoxxi,1895,144568,660,1,0
https://instagram.com/yomi_o.o,100,51404,413,1,0
https://instagram.com/naneunminji,294,129301,230,1,0
https://instagram.com/hairstylist_cevahir_hadi,1962,64818,6746,1,0
https://instagram.com/lololo0728,184,189353,149,1,0
https://instagram.com/haenee___,110,39564,66,1,0
https://instagram.com/kim.shony,310,108226,118,1,0
https://instagram.com/nathinog,5306,167980,1552,1,0
https://instagram.com/hi_bambigirl,2125,75457,1,1,1
https://instagram.com/danjinail,4675,51863,3197,1,0
https://instagram.com/kani_o3o,265,179383,700,1,0
https://instagram.com/lemi.do,1194,88993,804,1,0
https://instagram.com/yu__hyewon,30,131697,55,1,1
https://instagram.com/s.ming_g,4730,65294,396,1,0
https://instagram.com/beinny_motd,822,128903,412,1,0
https://instagram.com/wakemake_official,933,100912,84,1,0
https://instagram.com/ssom2ing,195,213088,114,1,0
https://instagram.com/cicis_nail,1350,80498,4218,1,0
https://instagram.com/parktaeyun,1458,48935,1278,1,0
https://instagram.com/kang_naraa,187,73404,279,1,0
https://instagram.com/ansomi21,1535,102239,2423,1,0
https://instagram.com/ehee45,3234,65473,332,1,0
https://instagram.com/haajjin,1885,111074,481,1,0
https://instagram.com/youh.lax,525,109314,471,1,0
https://instagram.com/pure_hwang,589,204278,143,1,0
https://instagram.com/kryxsoo,72,62169,266,1,0
https://instagram.com/boyuni.__,189,68480,274,1,0
https://instagram.com/cq_bq,2453,118626,813,1,0
https://instagram.com/hoyhoyoung,2584,54381,1561,1,0
https://instagram.com/k__nhi,39,122340,444,1,0
https://instagram.com/namoro0327,2865,86634,338,1,0
https://instagram.com/dingo_beauty,125,43634,11,1,0
https://instagram.com/samchic.jihwan,891,134124,3655,1,0
https://instagram.com/min_1111111,487,281668,213,1,0
https://instagram.com/baedina,939,66200,253,1,0
https://instagram.com/rnjs28,91,121020,335,1,1
https://instagram.com/kxxgsu,1030,121328,574,1,0
https://instagram.com/ssoyonging,329,28607,541,1,0
https://instagram.com/su_.xy,118,149045,191,1,0
https://instagram.com/hansomang,1214,128118,205,1,0
https://instagram.com/so_____y_,1704,229311,813,1,0
https://instagram.com/0zoocarr,551,93653,112,1,0
https://instagram.com/number_76,2843,98191,415,1,0
https://instagram.com/merryblossom.sun,1710,53619,548,1,0
https://instagram.com/blannblann,1130,50966,899,1,0
https://instagram.com/haebbang2,1585,29993,2045,1,0
https://instagram.com/bijueny,3569,48707,161,1,0
https://instagram.com/dameebaby,958,105462,146,1,0
https://instagram.com/shim.mj,2568,115153,435,1,0
https://instagram.com/makeviviju,720,112257,69,1,0
https://instagram.com/yeboring03,104,107072,125,1,0
https://instagram.com/hanyulofficial,1055,50253,98,1,1
https://instagram.com/dambi.home,500,47597,136,1,0
https://instagram.com/mjystagram,725,95445,515,1,0
https://instagram.com/_____network,4743,51082,875,1,0
https://instagram.com/eezzh,168,181314,90,1,0
https://instagram.com/shuni_kaeun,2580,146539,338,1,0
https://instagram.com/luckymizili,1637,308700,177,1,0
https://instagram.com/make_up_hy,4353,64522,772,1,0
https://instagram.com/0916_96,44,112301,92,1,0
https://instagram.com/kiehlskorea,1309,67928,38,1,1
https://instagram.com/grace___u,1260,88046,182,1,0
https://instagram.com/stephany.02.28_official_,442,133307,133,1,0
https://instagram.com/su_minvv,58,114536,163,1,0
https://instagram.com/2toyoung,1326,64401,321,1,0
https://instagram.com/doublee_lee,3755,33560,2596,1,0
https://instagram.com/ih_dressroom,3645,243460,463,1,0
https://instagram.com/0323_becky,342,276295,241,1,0
https://instagram.com/drjart_kr,629,164410,15,1,1
https://instagram.com/raonjenanim,1448,92899,7208,1,0
https://instagram.com/kindabaeey/,88,71664,252,1,0
https://instagram.com/emmachoi__,828,62301,623,1,0
https://instagram.com/belle_leah,5428,57377,631,1,0
https://instagram.com/hyo_1013,1234,185164,811,1,0
https://instagram.com/jung_eunhye__,612,115363,472,1,0
https://instagram.com/kingo1398,1884,133402,115,1,0
https://instagram.com/ksukyoung,2091,154487,7131,1,0
https://instagram.com/sat7800,1162,44384,327,1,0
https://instagram.com/by_gelato_factory,989,55731,14,1,0
https://instagram.com/juyeon___2,920,38011,362,1,0
https://instagram.com/babykumsung,379,232329,160,1,0
https://instagram.com/gkruddll,186,93015,540,1,0
https://instagram.com/l3xng,558,88006,378,1,0
https://instagram.com/angy__unni,2092,63260,394,1,1
https://instagram.com/raniword,1633,43702,1152,0,0
https://instagram.com/iwomansense,3732,107085,32,1,1
https://instagram.com/bushcherry1,1392,118133,7102,1,0
https://instagram.com/mj.oo0,2044,80816,459,1,0
https://instagram.com/gwooxin,97,33739,0,1,0
https://instagram.com/glee_makeup,214,54661,447,1,0
https://instagram.com/haeny_gram,402,72525,660,1,0
https://instagram.com/huxley_korea,594,101519,9,1,1
https://instagram.com/kwakjungeun_laavanya/,4778,72463,4,1,0
https://instagram.com/y_ar1492,456,92297,220,1,0
https://instagram.com/yoonjae_1130,67,37220,484,1,0
https://instagram.com/2.bin,456,95828,474,1,0
https://instagram.com/1208_sj,2033,54150,314,1,0
https://instagram.com/___kim_0,1211,41605,1163,1,0
https://instagram.com/hwangjungmin_,246,68379,243,1,0
https://instagram.com/young_in1368,95,71337,58,1,0
https://instagram.com/zum_3_,2026,166450,476,1,1
https://instagram.com/1_ran.thanx,189,142903,179,1,0
https://instagram.com/_inblair,3562,61816,578,1,0
https://instagram.com/dn_wls,211,27717,98,1,0
https://instagram.com/taczo_market,2346,28685,2,1,0
https://instagram.com/peizhangwo,890,125984,228,1,0
https://instagram.com/luv_momo.ys,2442,32645,6359,1,0
https://instagram.com/dj_liid_,307,81784,499,1,0
https://instagram.com/minjichu_,2032,86565,307,1,0
https://instagram.com/wsen_jinhee,6774,33363,555,1,0
https://instagram.com/song_rina,2041,49870,731,1,0
https://instagram.com/realch,3727,48942,445,1,0
https://instagram.com/ha_seobin,3051,115208,853,1,0
https://instagram.com/chowo_n,534,90249,374,1,0
https://instagram.com/_parkha,2318,82519,521,1,0
https://instagram.com/dr.g_official,1139,40286,1,1,0
https://instagram.com/sakinanba,6737,149041,674,1,1
https://instagram.com/feelyujin,2335,172526,273,1,0
https://instagram.com/dd9987_,652,98168,702,1,0
https://instagram.com/joohea8,511,67251,3576,1,0
https://instagram.com/jjjin.young,712,30738,125,1,0
https://instagram.com/lovelehee,1213,225430,213,1,0
https://instagram.com/hol_ddong,757,41095,369,1,0
https://instagram.com/ellelynna,2540,91372,1703,1,0
https://instagram.com/b_d.ijin,1189,112514,298,1,0
https://instagram.com/kkimhayoung,6240,64978,1104,1,0
https://instagram.com/abbielee7,1467,91028,590,1,0
https://instagram.com/kiu_design_,1131,114148,534,1,0
https://instagram.com/by_ladymimi,10517,46063,396,1,0
https://instagram.com/mjkim0108,2232,25741,562,1,0
https://instagram.com/shu__________,640,158690,687,1,0
https://instagram.com/leeseeraa,2228,74659,128,1,0
https://instagram.com/hxnjxwxn,689,88098,273,1,0
https://instagram.com/kangnajj,888,63220,280,1,0
https://instagram.com/1992.12.11,1422,31433,427,1,0
https://instagram.com/nara_crush,97,29332,141,1,0
https://instagram.com/hwangbarbie,1933,201492,133,1,0
https://instagram.com/jooyeonking,1382,65270,515,1,0
https://instagram.com/_eun.me,196,28871,175,1,0
https://instagram.com/i.am.mell,263,59903,30,1,1
https://instagram.com/kkangsara,1557,86366,6635,1,0
https://instagram.com/pila_nyong,623,122292,499,1,0
https://instagram.com/chaae.rin,1017,132123,376,1,0
https://instagram.com/baeg_,933,53682,222,1,0
https://instagram.com/miuforyou,298,154485,1,1,0
https://instagram.com/luv_mintminty,718,266383,91,1,0
https://instagram.com/diana_park0116,1637,60342,189,1,0
https://instagram.com/wsj007,1303,97965,113,1,0
https://instagram.com/choonran,814,44204,551,1,0
https://instagram.com/__ssong2__,441,48002,254,1,0
https://instagram.com/by_malla,2055,27859,5482,1,0
https://instagram.com/shinae.lee,417,23912,334,1,0
https://instagram.com/bbangmi.a,1848,31473,176,1,0
https://instagram.com/eaum0801,2466,117521,6966,1,0
https://instagram.com/m_chae0_,60,96018,59,0,0
https://instagram.com/gnal_nail,1701,64113,191,1,0
https://instagram.com/k_ming97,156,147145,275,1,0
https://instagram.com/cherie_flavor,1596,79286,298,1,0
https://instagram.com/zin_uk,74,60175,177,1,0
https://instagram.com/heurim.03.08,42,51349,1242,1,0
https://instagram.com/milladiary,2556,36877,290,1,0
https://instagram.com/model.yca,604,164593,562,1,0
https://instagram.com/__luv_j,680,19829,251,1,0
https://instagram.com/he.le.n._,626,125382,764,1,0
https://instagram.com/154kg,4704,40403,236,1,0
https://instagram.com/from_dami,996,139724,190,1,0
https://instagram.com/ellie_jye,1880,100759,7190,1,0
https://instagram.com/lejour_official,1499,26395,850,1,0
https://instagram.com/chxxilee,844,207074,145,1,0
https://instagram.com/dawoonyyy,675,66632,381,1,0
https://instagram.com/ye_____vely,114,62729,212,1,0
https://instagram.com/jeon.han_na,4657,109358,7418,1,0
https://instagram.com/shuniibeauty,656,68075,226,1,0
https://instagram.com/suno_photo82,434,172707,113,1,0
https://instagram.com/ssuly.ssul,281,49858,20,1,0
https://instagram.com/ujmoo_,638,113711,177,1,0
https://instagram.com/april.haru,1569,30005,8,1,0
https://instagram.com/hyunsuk_goby,399,51127,190,1,0
https://instagram.com/yoomstagramm_,454,176795,562,1,0
https://instagram.com/shiny_jin_30,1732,23344,6450,1,0
https://instagram.com/bombom_w/,4426,23430,1973,1,0
https://instagram.com/h_villa_,1833,41271,317,1,0
https://instagram.com/kimssang83,40,31693,641,1,1
https://instagram.com/sera0217,2334,158860,343,1,1
https://instagram.com/sweetyserim,2393,124684,908,1,0
https://instagram.com/ohmyseon,465,103088,373,1,0
https://instagram.com/collour,1619,28217,884,1,0
https://instagram.com/jnnn2,1798,86559,260,1,0
https://instagram.com/ssol_ee,678,161708,126,1,0
https://instagram.com/umji0714,624,149071,496,1,0
https://instagram.com/ringhee,1373,119336,560,1,1
https://instagram.com/jessica_kimkayeon,1175,47320,400,1,1
https://instagram.com/goldpandang_/,204,32861,55,1,0
https://instagram.com/lo9ve8r01s,232,140873,93,1,0
https://instagram.com/hermia24,1790,46401,441,1,0
https://instagram.com/aya__m02,578,189539,610,1,1
https://instagram.com/jiwon.loves,2505,42686,1237,1,0
https://instagram.com/chul2gram,1412,95602,950,1,0
https://instagram.com/oh_dya,691,50764,822,1,0
https://instagram.com/hhyun_ha,133,124107,258,1,0
https://instagram.com/hellojiyoungs,243,19291,100,1,0
https://instagram.com/diiin.d,107,98125,469,1,0
https://instagram.com/jj.529529,412,62999,198,1,0
https://instagram.com/chaeeun_eunchae,980,179635,185,1,0
https://instagram.com/bad_seonghye,8162,163942,390,1,0
https://instagram.com/petite_bird_,1380,34686,250,1,0
https://instagram.com/parksojeong__,3254,31161,309,1,0
https://instagram.com/huya_bros,2194,56287,310,1,0
https://instagram.com/dasom_lovely,408,179427,64,1,0
https://instagram.com/ezpzlemonsqzy_,159,56518,1042,1,0
https://instagram.com/mua_kyungst,434,22654,387,1,0
https://instagram.com/so_osj,492,76598,176,1,0
https://instagram.com/damnii_,2303,46348,650,1,0
https://instagram.com/ch00_hj03,297,156527,798,1,0
https://instagram.com/matiere_0,2556,117207,427,1,0
https://instagram.com/l.su_jung,2322,149050,193,1,0
https://instagram.com/gnal_yurim,1263,56315,146,1,0
https://instagram.com/yelilly,3858,59119,601,1,0
https://instagram.com/59.5994,145,107684,32,1,0
https://instagram.com/solavlyy,5250,42086,618,1,0
https://instagram.com/songda_,344,49012,498,1,0
https://instagram.com/oxemmay,193,13163,1433,1,0
https://instagram.com/ming._.p,347,37227,105,1,0
https://instagram.com/code_name_junna,101,62763,287,1,0
https://instagram.com/good.vibes.soap,1066,61469,603,1,0
https://instagram.com/taera_mxox,423,49859,306,1,0
https://instagram.com/about_reum,3366,26972,375,1,0
https://instagram.com/k_sh93,994,112389,127,1,1
https://instagram.com/kylie_n_bright,411,30503,546,1,0
https://instagram.com/eclado.hero,907,28572,5652,1,0
https://instagram.com/thejnana,6303,26967,1342,1,0
https://instagram.com/bopianomagic,580,46264,325,1,0
https://instagram.com/lovelywinkle,816,101873,787,1,0
https://instagram.com/hongparksa,10970,30064,713,1,0
https://instagram.com/bo.jeong,178,96409,100,1,0
https://instagram.com/jjaeris,3751,57740,290,1,0
https://instagram.com/_amour_j,3395,18733,1490,1,0
https://instagram.com/ggap1214,3180,84979,2538,1,0
https://instagram.com/396jiyoon,512,74297,177,1,0
https://instagram.com/marieansu,829,103659,350,1,0
https://instagram.com/yuif.yongha/,1049,52982,196,1,0
https://instagram.com/somsomvely,1214,222059,822,1,0
https://instagram.com/dddeony,708,69837,183,1,0
https://instagram.com/nungo._.m,311,34444,171,1,0
https://instagram.com/spider_0801,130,11044,7243,1,0
https://instagram.com/yehui_kim,218,43927,447,1,0
https://instagram.com/luvmabin,2812,56339,142,1,0
https://instagram.com/luvle_j,118,39657,35,1,0
https://instagram.com/eunyoung__jj,1214,27213,412,1,0
https://instagram.com/__ybom_,266,5126,163,1,0
https://instagram.com/17_06_03_,827,37964,80,1,0
https://instagram.com/especialbk,2786,14526,940,1,0
https://instagram.com/blanc_101,651,18042,578,1,0
https://instagram.com/girl_from_town,548,58170,1792,1,0
https://instagram.com/_in_young,3312,68982,153,1,0
https://instagram.com/black_mhk,2447,110869,7063,1,0
https://instagram.com/rikunim,2601,102185,5419,1,0
https://instagram.com/mercirei,4686,48933,985,1,0
https://instagram.com/twinkle_leeyeonhui,2075,152635,6524,1,0
https://instagram.com/seoa_feela,320,40598,297,1,0
https://instagram.com/seungsse2,275,92995,227,1,0
https://instagram.com/gjjye.__.s,149,14025,6896,1,0
https://instagram.com/jungeun_julia_kim,3927,53030,5602,1,0
https://instagram.com/naming.cosmetic,515,32072,1,1,0
https://instagram.com/01minji_baek,495,71962,76,1,0
https://instagram.com/sso_pharm,1670,43942,511,1,0
https://instagram.com/ryokoko___,5717,30166,138,1,0
https://instagram.com/minsuu_,656,77934,355,1,0
https://instagram.com/cherishxk_,381,55459,899,1,0
https://instagram.com/jinhajin7,993,90402,711,1,0
https://instagram.com/motd_sudal,1386,48585,440,1,0
https://instagram.com/c._.miiii,278,4431,436,1,0
https://instagram.com/0128_rrr,541,77990,670,1,0
https://instagram.com/dalrae.jin,712,65183,402,1,1
https://instagram.com/ruru160616,1085,18943,6150,1,0
https://instagram.com/yesbee92,1476,103579,287,1,0
https://instagram.com/kwakjihee,3468,54676,538,1,0
https://instagram.com/e_s.e.in_,242,53951,214,1,0
https://instagram.com/parkinjin,580,62152,2922,1,0
https://instagram.com/davinluv,282,141294,196,1,0
https://instagram.com/2mingbg,1057,110916,764,1,0
https://instagram.com/shillaipark,781,67043,0,1,1
https://instagram.com/helstagram__s2,724,126697,375,1,0
https://instagram.com/the.ariel,532,41172,211,1,0
https://instagram.com/1evely1,3401,36924,786,1,0
https://instagram.com/ssong.unni,5171,33556,424,1,0
https://instagram.com/l___c___r,969,80083,108,1,0
https://instagram.com/model_sera,2634,169452,463,1,1
https://instagram.com/yessii__11,606,105398,235,1,0
https://instagram.com/min_young777,1778,114995,645,1,0
https://instagram.com/exhyun,623,74431,466,1,0
https://instagram.com/haeleun,1197,111481,461,1,0
https://instagram.com/equal_diamond,1286,24095,32,1,0
https://instagram.com/vurmuse,1256,55594,646,1,0
https://instagram.com/marozzang_cats,13048,77849,1074,1,0
https://instagram.com/star__hee,1092,77554,103,1,0
https://instagram.com/pinkparfait0530,2175,23985,537,1,0
https://instagram.com/a.pply,304,35296,97,1,0
https://instagram.com/eunseo_lee,2679,153428,5746,1,0
https://instagram.com/cchokkong,1944,50643,6389,1,0
https://instagram.com/si_so_m,737,18822,5683,1,0
https://instagram.com/inrong2,1585,136842,383,1,0
https://instagram.com/sae.byul,1354,37054,1267,1,0
https://instagram.com/mercibody,5838,143740,53,1,0
https://instagram.com/luv_me_baby_,1779,38205,824,1,0
https://instagram.com/sweetjiana,447,41489,946,1,0
https://instagram.com/jung_beom_park,1393,79217,363,1,0
https://instagram.com/haenimini,655,39764,793,1,0
https://instagram.com/guindero,717,142662,285,1,0
https://instagram.com/sein_xx,2901,31464,378,1,0
https://instagram.com/ming_9li,1623,44738,5147,1,0
https://instagram.com/mable_xo,1261,23667,5799,1,0
https://instagram.com/juheestory,277,40576,263,1,1
https://instagram.com/sweet_emily9,2591,101998,5691,1,0
https://instagram.com/yooeep,405,27661,291,1,0
https://instagram.com/su.rystal,495,35231,307,1,0
https://instagram.com/_coralhyang_,512,46197,745,1,0
https://instagram.com/soobeanie_,414,46133,345,1,0
https://instagram.com/gien_issei,1343,75548,1832,1,0
https://instagram.com/tv_crystal,1179,38179,1567,1,0
https://instagram.com/_____e.j,2644,106221,5619,1,0
https://instagram.com/fromjosee,1990,31236,384,1,0
https://instagram.com/yyyyyyyyooo1,984,122452,2366,1,0
https://instagram.com/le__won,335,6387,298,1,0
https://instagram.com/skingymco,713,61386,338,1,0
https://instagram.com/sozonii,276,35758,383,1,0
https://instagram.com/sieun91yu,4872,42233,2502,1,0
https://instagram.com/_2.seul,362,11786,527,1,0
https://instagram.com/didi_mamma,1806,65944,3983,1,0
https://instagram.com/_ciel_0,74,134545,148,1,0
https://instagram.com/moiet_moiet,227,13856,3615,1,0
https://instagram.com/mermaidviviv,1059,186428,61,1,0
https://instagram.com/olson2da,4148,84972,724,1,0
https://instagram.com/we__97,111,150082,144,1,0
https://instagram.com/joyful_youngeun,1976,20547,783,1,0
https://instagram.com/ddunmee,1696,35394,506,1,0
https://instagram.com/young.story,1279,94292,404,1,0
https://instagram.com/uhu_sy,88,18819,469,1,0
https://instagram.com/jjvely_oo,405,120093,307,1,0
https://instagram.com/soonseol,1452,18171,206,1,0
https://instagram.com/minimechuu,1293,104525,2673,1,0
https://instagram.com/ikw0977,4456,42221,5532,1,0
https://instagram.com/so2star1,3308,100985,566,1,0
https://instagram.com/chaexju,393,36405,263,1,0
https://instagram.com/kimmi_stagram,1614,31943,367,1,0
https://instagram.com/w_alxx,45,4036,213,1,0
https://instagram.com/q.n.kk,782,53425,625,1,0
https://instagram.com/jiinflower,287,86678,308,1,0
https://instagram.com/woongrami,1931,35304,532,1,0
https://instagram.com/njellsol1,1737,135191,7222,1,0
https://instagram.com/srjhrang,1212,111185,7097,1,0
https://instagram.com/may.fleur,1893,57522,106,1,0
https://instagram.com/bootyjenny_,3925,78102,0,1,0
https://instagram.com/99_0425,290,42635,463,1,0
https://instagram.com/wendychung,1720,63884,341,1,0
https://instagram.com/yoone2e,37,4287,485,1,0
https://instagram.com/ddogibri,695,25348,4645,1,0
https://instagram.com/haye0n._.2,81,32153,431,1,0
https://instagram.com/4.renzi,380,108956,178,1,0
https://instagram.com/hs_u,183,53775,124,1,0
https://instagram.com/yoolbellababy,801,112611,594,1,0
https://instagram.com/snow.bambi,604,50909,486,1,0
https://instagram.com/luv__dool2,5208,20932,530,1,0
https://instagram.com/dress_guru,2469,22624,399,1,0
https://instagram.com/meteljia,1016,93649,387,1,0
https://instagram.com/hwan_nini,242,41018,673,1,0
https://instagram.com/zoah.u,327,5449,179,1,0
https://instagram.com/seung_hun_0128,192,72974,162,1,0
https://instagram.com/o3ong,3096,32900,690,1,0
https://instagram.com/parkjuya,1684,68503,7349,1,0
https://instagram.com/jeon_n_,147,45179,370,1,0
https://instagram.com/ifyoudie92,237,41491,389,1,0
https://instagram.com/sexyhonga,1613,102223,6073,1,0
https://instagram.com/dodo_chae.a,932,24144,59,1,0
https://instagram.com/inaheeme,2505,100384,523,1,0
https://instagram.com/lady_minong,1429,41454,711,1,0
https://instagram.com/0203.20,42,17187,127,1,0
https://instagram.com/a5udrey,249,27093,459,1,0
https://instagram.com/yeahfur,5115,20998,925,1,0
https://instagram.com/kchuls,699,63048,7030,1,0
https://instagram.com/dongkyu4158,318,16969,660,1,0
https://instagram.com/wilyalam,831,522834,447,1,0
https://instagram.com/lee_sr420,2787,48594,211,1,0
https://instagram.com/s2hyunnn,289,257929,263,1,0
https://instagram.com/caansong,2585,16295,1437,1,0
https://instagram.com/_____jjh,299,268528,510,1,0
https://instagram.com/yui_zzang_kang,1807,103745,367,1,0
https://instagram.com/_rosybrown,1831,29650,268,1,0
https://instagram.com/somevely,2095,40276,420,1,0
https://instagram.com/bella__koo,1479,47509,1131,1,1
https://instagram.com/sung_min1999,115,25650,300,1,0
https://instagram.com/by_juha,1757,105198,626,1,0
https://instagram.com/terrorgirl12,969,20676,39,1,0
https://instagram.com/v_yeon_,288,15195,329,1,0
https://instagram.com/joutique600,2478,32281,490,1,0
https://instagram.com/isabelparkk,2127,25738,789,1,0
https://instagram.com/e__naa,482,49084,353,1,0
https://instagram.com/bora.own,859,60602,233,1,0
https://instagram.com/4ranghj,76,29547,221,1,0
https://instagram.com/yezi_mong,1332,55332,468,1,0
https://instagram.com/heenim1116,332,48416,257,1,1
https://instagram.com/k_cw328,80,29684,561,1,0
https://instagram.com/mindol_l,1379,74862,357,1,0
https://instagram.com/o.rooose,2334,19773,253,1,0
https://instagram.com/nailthechaeum,10091,29514,3051,1,0
https://instagram.com/yu_ttogtti,975,56608,204,1,0
https://instagram.com/hswj1221,2739,106325,5428,1,0
https://instagram.com/bel.la__,1760,27577,195,1,0
https://instagram.com/yein1016,434,39835,360,1,1
https://instagram.com/hk_hmi_96,82,4391,2984,1,0
https://instagram.com/zz__ia,191,14620,395,1,0
https://instagram.com/happy._.ej,506,28080,299,1,0
https://instagram.com/in000000,756,48268,776,1,0
https://instagram.com/skinsos,1889,23582,622,1,0
https://instagram.com/samchic.jangeunsam,1613,56676,187,1,0
https://instagram.com/mikeysmakeup,377,118318,1354,1,0
https://instagram.com/msgabbys,2446,56556,515,1,0
https://instagram.com/mariennemh,3470,41738,559,1,0
https://instagram.com/yeinssong,7354,59919,414,1,0
https://instagram.com/oiooi303,78,74625,198,1,0
https://instagram.com/pyh0401,1114,90253,687,1,0
https://instagram.com/boracay_nana,2273,99465,187,1,0
https://instagram.com/luv_ssuji,1692,105536,7246,1,0
https://instagram.com/soyou_park,1662,94916,289,1,1
https://instagram.com/chanoopy_,257,42442,539,1,0
https://instagram.com/mybong_s2,3422,24237,349,1,0
https://instagram.com/me._.r_you,127,36938,336,1,0
https://instagram.com/yuta.oteki,1257,42035,206,1,0
https://instagram.com/05_31_sj,105,12631,944,1,0
https://instagram.com/mommanamu,1670,24153,217,1,0
https://instagram.com/chu_chu_chu_1228,4400,118919,7307,1,0
https://instagram.com/sssoblyy,540,12585,3069,1,0
https://instagram.com/0o_____zo0,51,4269,396,1,0
https://instagram.com/twins_roa_robin,2405,22862,1576,1,0
https://instagram.com/body_ming,82,28138,459,1,0
https://instagram.com/aranenglish,2510,19968,966,1,0
https://instagram.com/___winniewu___,1273,100611,653,1,1
https://instagram.com/hasunghuns,101,32440,248,1,0
https://instagram.com/jiyom09,2785,16274,976,1,0
https://instagram.com/miqinddawoon,3341,61410,1036,1,0
https://instagram.com/semi09,1244,19607,70,1,0
https://instagram.com/k.narae_,4646,54895,298,1,0
https://instagram.com/sun_zuni,1625,91112,4863,1,0
https://instagram.com/y__silri,49,5658,3619,1,0
https://instagram.com/heejung2918,643,37200,190,1,0
https://instagram.com/q_dori,1331,24388,119,1,0
https://instagram.com/dasom_,4913,30691,1453,1,0
https://instagram.com/collectamber_,4319,19805,1083,1,0
https://instagram.com/femmefatale_mint,161,47015,110,1,0
https://instagram.com/lovehany_sy,802,40139,289,1,0
https://instagram.com/mynameanjin,4037,45742,995,1,0
https://instagram.com/photo_hair_cut,159,5606,4485,1,0
https://instagram.com/snow_kr_official,326,24102,1557,1,1
https://instagram.com/su._.pi,42,10836,6421,1,0
https://instagram.com/eun6381,266,20299,224,1,0
https://instagram.com/chaemi.nail,1428,28915,187,1,0
https://instagram.com/zzangfox75,8895,25999,2774,1,0
https://instagram.com/maylim_k,1365,38929,432,1,0
https://instagram.com/bae.sajang,3455,123194,7110,1,0
https://instagram.com/yewon_____j,630,11435,5758,1,0
https://instagram.com/chocomousse0916,1429,86930,1386,1,0
https://instagram.com/saravivid,2028,127802,459,1,0
https://instagram.com/banso,194,30915,306,1,1
https://instagram.com/beauty.sketch,509,46616,6516,1,0
https://instagram.com/jihyea87,1182,109275,3280,1,0
https://instagram.com/olivia.yoon_,851,58261,313,1,0
https://instagram.com/jangkorea_,152,22148,99,1,0
https://instagram.com/mimi__hye,920,41847,172,1,0
https://instagram.com/ddddo.s,689,57369,2435,1,0
https://instagram.com/kimxxmiso,1078,52681,252,1,0
https://instagram.com/hae_a2019,187,22670,3,1,0
https://instagram.com/0ing_ddoing,252,26497,569,1,0
https://instagram.com/yoonseo860,1443,21222,4289,1,0
https://instagram.com/minimining_,472,15574,98,1,0
https://instagram.com/won850318,2643,28029,2146,1,0
https://instagram.com/nunuher,2153,15466,166,1,0
https://instagram.com/1122__rabbit,801,43339,628,1,0
https://instagram.com/_loveys_,991,110412,324,1,0
https://instagram.com/pinkmint79,2488,54474,443,1,0
https://instagram.com/arcs.andsome,743,14291,243,1,0
https://instagram.com/zihye_gyul,360,43954,388,1,0
https://instagram.com/ka_young2000,63,13189,475,1,0
https://instagram.com/beuuunjung,206,19709,491,1,0
https://instagram.com/dipp_____,445,16406,590,1,0
https://instagram.com/febriihikaru,839,96336,2232,1,0
https://instagram.com/echo.unni,2744,30980,814,1,0
https://instagram.com/justyoung__,1240,27331,240,1,0
https://instagram.com/wjsdkfka,690,20558,1700,1,0
https://instagram.com/bling_kimdana,543,62739,327,1,0
https://instagram.com/s__.ugoi,85,7069,965,1,0
https://instagram.com/winter_28270,421,233172,0,1,0
https://instagram.com/_r.mming_,783,47453,2957,1,0
https://instagram.com/mihwa1127,2348,106359,3067,1,0
https://instagram.com/catterjug,847,63050,6958,1,0
https://instagram.com/jinunmi,3308,34144,828,1,0
https://instagram.com/bjsjhses,1152,100362,5972,1,0
https://instagram.com/dr.hong_,1583,19014,386,1,0
https://instagram.com/seo.ji.hoon,382,10082,958,1,0
https://instagram.com/everycare_kr,546,18576,7129,1,0
https://instagram.com/rani_1027,2074,31655,5191,1,0
https://instagram.com/j.on___,2983,15587,1034,1,0
https://instagram.com/lucky_mybaby,1068,66534,269,1,0
https://instagram.com/seha_03,194,27460,149,1,0
https://instagram.com/susulovemj,1615,84655,1892,1,0
https://instagram.com/kangseungok3646,3229,42065,229,1,0
https://instagram.com/costrama,5027,46731,2410,1,0
https://instagram.com/aggieku0201,1758,89284,863,1,0
https://instagram.com/jung___a,150,14681,701,1,0
https://instagram.com/jyzizima,2444,19279,263,1,0
https://instagram.com/kkoch1115,2049,94093,90,1,0
https://instagram.com/youngjoo1225,3607,102418,6911,1,0
https://instagram.com/bo___seok_,298,19540,7475,1,0
https://instagram.com/jungsungaa,3710,29407,282,1,0
https://instagram.com/da.and.woo,2028,36581,615,1,0
https://instagram.com/mingarden_,643,38206,407,1,0
https://instagram.com/yoon_youngme,8639,23467,495,1,0
https://instagram.com/mseoka,27,28247,244,1,0
https://instagram.com/tmxkdysl,818,111136,5524,1,0
https://instagram.com/nahee_kim88,6240,28038,235,1,0
https://instagram.com/su.j1n1,425,12296,5456,1,0
https://instagram.com/hyrn._.04,34,10171,7333,1,0
https://instagram.com/tiffanys3o,198,3119,1683,1,0
https://instagram.com/sy8379,1223,48060,3015,1,0
https://instagram.com/3puppy,1698,21846,730,1,0
https://instagram.com/ggool25,1260,101896,4574,1,0
https://instagram.com/haneuddeum,1628,49953,537,1,1
https://instagram.com/_seo.hui.93,988,50867,293,1,1
https://instagram.com/jenny5466,6920,60218,1185,1,0
https://instagram.com/hano.gram,993,22557,201,1,0
https://instagram.com/younsunhey,1543,76321,470,1,0
https://instagram.com/woorin_j,0,22790,134,1,0
https://instagram.com/hi_1204_,953,18224,892,1,0
https://instagram.com/cutteyooung,94,4990,541,1,0
https://instagram.com/marshallbride,1604,20652,86,1,0
https://instagram.com/jinmi_nana,3415,18594,573,1,0
https://instagram.com/__________yuri_,1889,9716,487,1,0
https://instagram.com/gomsnap,658,46880,300,1,0
https://instagram.com/tweet_song,1098,14851,307,1,0
https://instagram.com/ch_seojin,392,31417,7472,1,0
https://instagram.com/dd__boon,736,12838,294,1,0
https://instagram.com/ks_vely7,348,108729,114,1,0
https://instagram.com/u_luv_me,1051,62417,244,1,0
https://instagram.com/ggyu_o3o,72,34384,343,1,0
https://instagram.com/elly0126,1791,90170,527,1,0
https://instagram.com/kimjubu_home,1809,19868,285,1,0
https://instagram.com/rosefix,2699,49349,592,1,0
https://instagram.com/h.hailey__,542,12065,297,1,0
https://instagram.com/jisungire,3264,23761,130,1,0
https://instagram.com/_castella_,2631,17478,5281,1,0
https://instagram.com/ha_sisters__,6449,44115,310,1,0
https://instagram.com/_oliviastory,2488,13665,1383,1,0
https://instagram.com/by_talktome,3576,18608,428,1,0
https://instagram.com/aripi_06,372,118003,287,1,0
https://instagram.com/woolzzin,361,124599,735,1,0
https://instagram.com/moon.light0619,766,45372,747,1,0
https://instagram.com/z_hyunee,245,51796,355,1,0
https://instagram.com/khsolvly,196,48387,257,1,0
https://instagram.com/_sia.mom_,2553,57791,274,1,0
https://instagram.com/im2ezz,18,8911,364,1,0
https://instagram.com/eeun_98,438,21924,344,1,0
https://instagram.com/dhy_6,27,10310,1054,1,0
https://instagram.com/l.hyun_____,297,9939,529,1,0
https://instagram.com/amorepacific.official,418,18997,0,1,1
https://instagram.com/___bluelotus,568,44778,1299,1,0
https://instagram.com/ssossolovely,1060,44166,239,1,1
https://instagram.com/miu_boutique,2143,16331,390,1,0
https://instagram.com/sihyuuun,603,34743,656,1,0
https://instagram.com/kang.n_ay,701,35179,461,1,0
https://instagram.com/haru_love2015,3101,105322,7104,1,0
https://instagram.com/_linsun__,3238,111951,2808,1,0
https://instagram.com/hyeyoungeyo,220,12742,5637,1,0
https://instagram.com/_hotbin,845,63160,249,1,0
https://instagram.com/bling__tae,1680,37133,396,1,0
https://instagram.com/a_z_e_,1877,20238,248,1,0
https://instagram.com/lulie___,3817,105019,6752,1,0
https://instagram.com/_bestido,1265,59915,152,1,0
https://instagram.com/kim_hj74,1672,69078,7236,1,0
https://instagram.com/ravienana,1251,16232,507,1,0
https://instagram.com/lip_song,756,22649,5550,1,0
https://instagram.com/binnalyoon,700,32493,799,1,0
https://instagram.com/mocoming,3410,63631,272,1,0
https://instagram.com/k_________leo,624,10740,6485,1,0
https://instagram.com/kimyamjeon,1449,64322,5325,1,0
https://instagram.com/who_ansso,1078,36772,4856,1,0
https://instagram.com/_kkzy,97,20334,456,1,0
https://instagram.com/yooonnami,2039,20783,345,1,0
https://instagram.com/dkdud5070,806,43023,2496,1,0
https://instagram.com/_sarang,1839,32341,422,1,0
https://instagram.com/smilejoanna22,3690,106427,5405,1,0
https://instagram.com/ssangdiya,2576,87788,5327,1,0
https://instagram.com/lovelyddung,2093,14011,359,1,0
https://instagram.com/iam.ggu,806,13299,80,1,0
https://instagram.com/wjdekadl3,617,51476,443,1,0
https://instagram.com/b0ol_,159,6099,582,1,0
https://instagram.com/9.1.0.7.3.0,2092,77198,3324,1,0
https://instagram.com/juhee_sohn,1816,21709,825,1,0
https://instagram.com/pdj.1989,2376,14586,5370,1,0
https://instagram.com/94danmie,726,54069,360,1,0
https://instagram.com/i_amjini,1545,23200,348,1,0
https://instagram.com/yeonions,517,101072,674,1,0
https://instagram.com/bbjini,37,23412,195,1,0
https://instagram.com/_rumiii,1553,28108,242,1,0
https://instagram.com/baisookr,3512,19682,6381,1,0
https://instagram.com/adel_j_,3711,39076,6625,1,0
https://instagram.com/jjyy.1014,79,14106,3143,1,0
https://instagram.com/manyofactory_official,590,19535,5,1,0
https://instagram.com/inthe_h__1,356,18719,446,1,0
https://instagram.com/ain_jane,3796,12371,2072,1,0
https://instagram.com/chae_jinju,18,4752,170,1,0
https://instagram.com/jehwani2222,34,9377,2858,1,0
https://instagram.com/sean_mom_miso,2044,26439,7427,1,0
https://instagram.com/dda_ddable,477,146305,287,1,0
https://instagram.com/ang6624,2516,118221,6868,1,0
https://instagram.com/hilty74,2209,61554,5495,1,0
https://instagram.com/reve_sunhwa,1621,78509,6961,1,0
https://instagram.com/search4matchip,535,10785,6673,1,0
https://instagram.com/ssongjiyam,2389,102854,7377,1,0
https://instagram.com/njellsol,1045,102632,1312,1,0
https://instagram.com/bambi_nimo,2900,45157,301,1,0
https://instagram.com/do_ob93,1175,62622,270,1,0
https://instagram.com/habin_s2_,125,73604,821,1,0
https://instagram.com/melo__j,1217,45409,412,1,0
https://instagram.com/shin_hope,3532,108713,4269,1,0
https://instagram.com/angelwhite79,667,100509,1246,1,0
https://instagram.com/bbonjlove,966,26865,6915,1,0
https://instagram.com/hyejeongj,242,16982,3366,1,0
https://instagram.com/mong__bee,1778,57799,1270,1,0
https://instagram.com/coordibling,1253,32541,826,1,0
https://instagram.com/hani_823,1467,120416,675,1,0
https://instagram.com/iam_tasoon,2659,17219,564,1,0
https://instagram.com/dum_a_official,124,19710,1,1,0
https://instagram.com/handy_j,847,44076,156,1,0
https://instagram.com/kangda.bong,1482,13371,355,1,0
https://instagram.com/so1ji,1801,14109,521,1,0
https://instagram.com/yucca_official,1286,78685,204,1,0
https://instagram.com/h_eeny,227,12436,278,1,0
https://instagram.com/mmmino_mom,2532,13499,4089,1,0
https://instagram.com/jh1130,530,28211,417,1,0
https://instagram.com/kimreeslev,443,28099,385,1,0
https://instagram.com/subnii,239,9253,879,1,0
https://instagram.com/96.8g,269,8108,1685,1,0
https://instagram.com/samchic.nana,1552,30140,592,1,0
https://instagram.com/mr_hwangdo,734,48322,936,1,1
https://instagram.com/ye_bin_mom,1509,98335,6398,1,0
https://instagram.com/love018294,6964,47185,7355,1,0
https://instagram.com/yuaring,150,10419,667,1,0
https://instagram.com/yeonhoo__mom,2228,70405,5707,1,0
https://instagram.com/snowwhite_u,773,27551,551,1,0
https://instagram.com/love_jin215,728,43974,1056,1,0
https://instagram.com/msensation,1368,37228,728,1,0
https://instagram.com/luce.soll,548,22971,962,1,0
https://instagram.com/chic_gimme,351,6002,179,1,0
https://instagram.com/minsco_,2655,40324,1043,1,0
https://instagram.com/y.unnm,565,46519,134,1,0
https://instagram.com/am.ton_100k,315,14691,225,1,0
https://instagram.com/kirin_makeup,206,37362,252,1,0
https://instagram.com/j_j_u._.u,73,5450,99,1,0
https://instagram.com/s.he2__,143,3311,163,1,0
https://instagram.com/luvjemma,1374,44732,359,1,0
https://instagram.com/lim_friendship,203,31090,116,1,0
https://instagram.com/heeyayum,2244,13099,4211,1,0
https://instagram.com/goonyyeonee,1371,102996,6955,1,0
https://instagram.com/vousmaimezs,164,23849,870,1,0
https://instagram.com/jekyllhb,1079,87222,6834,1,0
https://instagram.com/imurjaein,1103,39733,439,1,0
https://instagram.com/heegela,1892,103325,491,1,0
https://instagram.com/ajungmi__,999,26840,141,1,0
https://instagram.com/damsluv,2064,35713,511,1,0
https://instagram.com/8._.13_,328,16568,2276,1,0
https://instagram.com/mickeysee,2265,107895,2855,1,0
https://instagram.com/naraeqq,1216,26527,582,1,0
https://instagram.com/jy0_0e,170,15125,3452,1,0
https://instagram.com/leedrey,64,30287,580,1,0
https://instagram.com/seojeong__2,992,10170,725,1,0
https://instagram.com/yonwoo_mom,1282,65523,904,1,0
https://instagram.com/roro_bebe_,803,11770,474,1,0
https://instagram.com/gegur2,218,34682,236,1,0
https://instagram.com/chu3u,288,76140,281,1,0
