,0
0,https://instagram.com/lalalalisa_m
1,https://instagram.com/real__pcy
2,https://instagram.com/jennierubyjane
3,https://instagram.com/sooyaaa__
4,https://instagram.com/skuukzky
5,https://instagram.com/hudabeauty
6,https://instagram.com/baifernbah
7,https://instagram.com/roses_are_rosie
8,https://instagram.com/taewaew_natapohn
9,https://instagram.com/jacksonwang852g7
10,https://instagram.com/cathygonzaga
11,https://instagram.com/minminmin0712
12,https://instagram.com/taeri__taeri
13,https://instagram.com/patriciagood
14,https://instagram.com/3ce_official
15,https://instagram.com/victoriabeckham
16,https://instagram.com/jessica.syj
17,https://instagram.com/__shinyeeun
18,https://instagram.com/gwangoamsinn
19,https://instagram.com/lizasoberano
20,https://instagram.com/hi_sseulgi
21,https://instagram.com/lilymaymac
22,https://instagram.com/mookworranit
23,https://instagram.com/sora_pppp
24,https://instagram.com/hyoyeon_x_x
25,https://instagram.com/apitsada
26,https://instagram.com/miyayeah
27,https://instagram.com/kisy0729
28,https://instagram.com/goyounjung
29,https://instagram.com/theniti
30,https://instagram.com/yook_can_do_it
31,https://instagram.com/chinitaprincess
32,https://instagram.com/vivamoon
33,https://instagram.com/duearisara
34,https://instagram.com/rolaofficial
35,https://instagram.com/vely.mom
36,https://instagram.com/overdokyungsoo
37,https://instagram.com/boakwon
38,https://instagram.com/jpreem
39,https://instagram.com/songdaeik
40,https://instagram.com/_twinkle_makeup_
41,https://instagram.com/risabae_art
42,https://instagram.com/khunfour
43,https://instagram.com/somsomi0309
44,https://instagram.com/dahee0315
45,https://instagram.com/_yoonkyoung
46,https://instagram.com/seoa_p
47,https://instagram.com/kyj._.95
48,https://instagram.com/villwannarot
49,https://instagram.com/zipcy
50,https://instagram.com/khunfour
51,https://instagram.com/garin_ss
52,https://instagram.com/somsomi0309
53,https://instagram.com/dahee0315
54,https://instagram.com/_yoonkyoung
55,https://instagram.com/come2david
56,https://instagram.com/seoa_p
57,https://instagram.com/kyj._.95
58,https://instagram.com/areumsongee
59,https://instagram.com/villwannarot
60,https://instagram.com/a12486
61,https://instagram.com/deardahlia_beauty
62,https://instagram.com/huoggiangggg
63,https://instagram.com/dancingmulgogi
64,https://instagram.com/rothy_ming
65,https://instagram.com/seungcheol__j
66,https://instagram.com/makeup_maker_
67,https://instagram.com/sora_pppp
68,https://instagram.com/woooozzzzz
69,https://instagram.com/delight_hyeon
70,https://instagram.com/kwrhome
71,https://instagram.com/vtcosmetics_official
72,https://instagram.com/charmant__u
73,https://instagram.com/xoyeonee
74,https://instagram.com/jessie_ca_x
75,https://instagram.com/saayworld
76,https://instagram.com/velyvely0_
77,https://instagram.com/yoomth
78,https://instagram.com/misssohn
79,https://instagram.com/yoobohwa
80,https://instagram.com/mangoo_6
81,https://instagram.com/bosong_s2_
82,https://instagram.com/do2i_
83,https://instagram.com/bell_aiya
84,https://instagram.com/yoonara_mood
85,https://instagram.com/another_youla
86,https://instagram.com/pakkaramai
87,https://instagram.com/jaeinn
88,https://instagram.com/kaone815
89,https://instagram.com/annacay
90,https://instagram.com/shortbutstunning
91,https://instagram.com/imvely_official
92,https://instagram.com/__shinyeeun
93,https://instagram.com/laneige_kr
94,https://instagram.com/minyoung_aori
95,https://instagram.com/gini_s2_
96,https://instagram.com/yangmeera
97,https://instagram.com/parkgirim
98,https://instagram.com/jenna_chew
99,https://instagram.com/blossomh_
100,https://instagram.com/kimheejin331
101,https://instagram.com/lxxseyoung
102,https://instagram.com/songdaeik
103,https://instagram.com/beautyplmagazine
104,https://instagram.com/ahrimin1206
105,https://instagram.com/hansstyle_hanna
106,https://instagram.com/le_cormang
107,https://instagram.com/vvery_woony
108,https://instagram.com/endorphin.oh
109,https://instagram.com/s.of_han
110,https://instagram.com/____onnu____
111,https://instagram.com/ahsy_u
112,https://instagram.com/peripera_official
113,https://instagram.com/__dropin
114,https://instagram.com/holikaholika_official
115,https://instagram.com/knhs2
116,https://instagram.com/gemma_811
117,https://instagram.com/thedudacastro
118,https://instagram.com/88bbong
119,https://instagram.com/benefitcosmeticskorea
120,https://instagram.com/grace1.co.kr__
121,https://instagram.com/yehdeb
122,https://instagram.com/dawniscoming
123,https://instagram.com/wonderpyo
124,https://instagram.com/withnami
125,https://instagram.com/pt_u_jin
126,https://instagram.com/ro.junghwa
127,https://instagram.com/chahong.review_official
128,https://instagram.com/aheadsman_l
129,https://instagram.com/derful_yuri
130,https://instagram.com/__h.bin
131,https://instagram.com/ryun1013
132,https://instagram.com/yeon.sun
133,https://instagram.com/egeeparkcom
134,https://instagram.com/maeng666
135,https://instagram.com/aprilskin_korea
136,https://instagram.com/go_bambi
137,https://instagram.com/memebox_pick
138,https://instagram.com/heejaeholic
139,https://instagram.com/moonshot_korea
140,https://instagram.com/128page
141,https://instagram.com/another_youla
142,https://instagram.com/minsung8809
143,https://instagram.com/daese1230
144,https://instagram.com/joontopia_
145,https://instagram.com/vecnexz
146,https://instagram.com/real__siri
147,https://instagram.com/kwaktori
148,https://instagram.com/yoou.ch
149,https://instagram.com/heididrinkslove
150,https://instagram.com/besthairstylesmen
151,https://instagram.com/jaeinn
152,https://instagram.com/naturerepublic_kr
153,https://instagram.com/garin_ss
154,https://instagram.com/i.hate.cucumber
155,https://instagram.com/bbia.official
156,https://instagram.com/ojin.ao
157,https://instagram.com/jju_dresser
158,https://instagram.com/mini_o24
159,https://instagram.com/yeonpilates
160,https://instagram.com/olaborasong
161,https://instagram.com/mming_kkong_
162,https://instagram.com/hyanggggg_
163,https://instagram.com/leah_miso
164,https://instagram.com/jenny_beauty0209
165,https://instagram.com/iamtaengja
166,https://instagram.com/tamystory
167,https://instagram.com/kimdayeong_life
168,https://instagram.com/yeonggine
169,https://instagram.com/nice_nemo
170,https://instagram.com/manyo_yoojin
171,https://instagram.com/cchan_fee4
172,https://instagram.com/sson__s
173,https://instagram.com/kukukuyeah
174,https://instagram.com/moon_hahyeon
175,https://instagram.com/vely.mom
176,https://instagram.com/twinkle_sunny7
177,https://instagram.com/bunnyaire
178,https://instagram.com/_s_hj
179,https://instagram.com/froydz
180,https://instagram.com/sso_ix
181,https://instagram.com/harry_bloom
182,https://instagram.com/all6i2
183,https://instagram.com/sh1994m
184,https://instagram.com/16.brand
185,https://instagram.com/theorohaejung
186,https://instagram.com/pinksecret85
187,https://instagram.com/ysubini
188,https://instagram.com/mint_factory.1004
189,https://instagram.com/___solvely___
190,https://instagram.com/louis0387
191,https://instagram.com/vivamoon
192,https://instagram.com/luv_jayne
193,https://instagram.com/yonyonyxx
194,https://instagram.com/love_boki
195,https://instagram.com/atoi_jihyo
196,https://instagram.com/laun_kr
197,https://instagram.com/heizlemakeup
198,https://instagram.com/ddimmi96
199,https://instagram.com/y_unanaa
200,https://instagram.com/ahk0925
201,https://instagram.com/moonguiyoung
202,https://instagram.com/ecom0920
203,https://instagram.com/akaribeauty7
204,https://instagram.com/victoritalovely
205,https://instagram.com/hinzajoa
206,https://instagram.com/mamondekorea
207,https://instagram.com/lxoxoee
208,https://instagram.com/sjingg_
209,https://instagram.com/yoon__bling
210,https://instagram.com/dd.mini
211,https://instagram.com/he1.da
212,https://instagram.com/6_21ds
213,https://instagram.com/woohye0n
214,https://instagram.com/mona_monanim
215,https://instagram.com/kimzayoung
216,https://instagram.com/mozzi.00
217,https://instagram.com/minami.riho
218,https://instagram.com/arjenia
219,https://instagram.com/l.h.mom
220,https://instagram.com/insight.co.kr_beauty
221,https://instagram.com/rilaccoco
222,https://instagram.com/seonihwang
223,https://instagram.com/nail_seoriyam
224,https://instagram.com/keemme_
225,https://instagram.com/jardindemaison
226,https://instagram.com/ryu_angel
227,https://instagram.com/d.hwan_92
228,https://instagram.com/summyis
229,https://instagram.com/hael_kk
230,https://instagram.com/0__0man
231,https://instagram.com/di_oniz
232,https://instagram.com/chaebubble
233,https://instagram.com/__joovely__
234,https://instagram.com/gamgak_j
235,https://instagram.com/hayhan623
236,https://instagram.com/binlog_
237,https://instagram.com/dunamandu
238,https://instagram.com/the_clerk_48
239,https://instagram.com/ev.alet
240,https://instagram.com/sjeuro
241,https://instagram.com/cheristyle_
242,https://instagram.com/hahana111
243,https://instagram.com/velyyson_g
244,https://instagram.com/__bygracekim
245,https://instagram.com/m1ss_ryu
246,https://instagram.com/fashion_ggun
247,https://instagram.com/monaka.beauty
248,https://instagram.com/gombooin
249,https://instagram.com/b_bangg_
250,https://instagram.com/nail_0408
251,https://instagram.com/__eunjiii__
252,https://instagram.com/b_bsssss
253,https://instagram.com/_yunboktv
254,https://instagram.com/y._.bling
255,https://instagram.com/soyeo
256,https://instagram.com/96.kim
257,https://instagram.com/yuuhyemin
258,https://instagram.com/parkahin
259,https://instagram.com/marie_yeon
260,https://instagram.com/edge486
261,https://instagram.com/hp.i09
262,https://instagram.com/hohobeautylog
263,https://instagram.com/mong2_mom
264,https://instagram.com/sophia_living
265,https://instagram.com/cha.star
266,https://instagram.com/seoltamin
267,https://instagram.com/jinsolllllllshin
268,https://instagram.com/afma22
269,https://instagram.com/yoongandchic
270,https://instagram.com/o_yene
271,https://instagram.com/enricatarolla
272,https://instagram.com/usb72
273,https://instagram.com/pinkeh2015
274,https://instagram.com/doa_s2
275,https://instagram.com/koojungyeon
276,https://instagram.com/one.blu
277,https://instagram.com/velyvely_official
278,https://instagram.com/yeondukong
279,https://instagram.com/yeseo_yedam_mom
280,https://instagram.com/alicefunk9093
281,https://instagram.com/hp_makeup.kr
282,https://instagram.com/hyunjeongkkim
283,https://instagram.com/hyoxxi
284,https://instagram.com/yomi_o.o
285,https://instagram.com/naneunminji
286,https://instagram.com/hairstylist_cevahir_hadi
287,https://instagram.com/lololo0728
288,https://instagram.com/haenee___
289,https://instagram.com/kim.shony
290,https://instagram.com/nathinog
291,https://instagram.com/hi_bambigirl
292,https://instagram.com/danjinail
293,https://instagram.com/kani_o3o
294,https://instagram.com/lemi.do
295,https://instagram.com/yu__hyewon
296,https://instagram.com/s.ming_g
297,https://instagram.com/beinny_motd
298,https://instagram.com/wakemake_official
299,https://instagram.com/ssom2ing
300,https://instagram.com/cicis_nail
301,https://instagram.com/parktaeyun
302,https://instagram.com/kang_naraa
303,https://instagram.com/ansomi21
304,https://instagram.com/ehee45
305,https://instagram.com/haajjin
306,https://instagram.com/youh.lax
307,https://instagram.com/pure_hwang
308,https://instagram.com/kryxsoo
309,https://instagram.com/boyuni.__
310,https://instagram.com/cq_bq
311,https://instagram.com/hoyhoyoung
312,https://instagram.com/k__nhi
313,https://instagram.com/namoro0327
314,https://instagram.com/dingo_beauty
315,https://instagram.com/samchic.jihwan
316,https://instagram.com/min_1111111
317,https://instagram.com/baedina
318,https://instagram.com/rnjs28
319,https://instagram.com/kxxgsu
320,https://instagram.com/ssoyonging
321,https://instagram.com/su_.xy
322,https://instagram.com/hansomang
323,https://instagram.com/so_____y_
324,https://instagram.com/0zoocarr
325,https://instagram.com/number_76
326,https://instagram.com/merryblossom.sun
327,https://instagram.com/blannblann
328,https://instagram.com/haebbang2
329,https://instagram.com/bijueny
330,https://instagram.com/dameebaby
331,https://instagram.com/shim.mj
332,https://instagram.com/makeviviju
333,https://instagram.com/yeboring03
334,https://instagram.com/hanyulofficial
335,https://instagram.com/dambi.home
336,https://instagram.com/mjystagram
337,https://instagram.com/_____network
338,https://instagram.com/eezzh
339,https://instagram.com/shuni_kaeun
340,https://instagram.com/luckymizili
341,https://instagram.com/make_up_hy
342,https://instagram.com/0916_96
343,https://instagram.com/kiehlskorea
344,https://instagram.com/grace___u
345,https://instagram.com/stephany.02.28_official_
346,https://instagram.com/su_minvv
347,https://instagram.com/2toyoung
348,https://instagram.com/doublee_lee
349,https://instagram.com/ih_dressroom
350,https://instagram.com/0323_becky
351,https://instagram.com/drjart_kr
352,https://instagram.com/raonjenanim
353,https://instagram.com/sy__ll
354,https://instagram.com/emmachoi__
355,https://instagram.com/belle_leah
356,https://instagram.com/hyo_1013
357,https://instagram.com/jung_eunhye__
358,https://instagram.com/kingo1398
359,https://instagram.com/ksukyoung
360,https://instagram.com/sat7800
361,https://instagram.com/by_gelato_factory
362,https://instagram.com/juyeon___2
363,https://instagram.com/babykumsung
364,https://instagram.com/gkruddll
365,https://instagram.com/l3xng
366,https://instagram.com/angy__unni
367,https://instagram.com/raniword
368,https://instagram.com/iwomansense
369,https://instagram.com/bushcherry1
370,https://instagram.com/mj.oo0
371,https://instagram.com/gwooxin
372,https://instagram.com/glee_makeup
373,https://instagram.com/haeny_gram
374,https://instagram.com/huxley_korea
375,https://instagram.com/kwak.jungeun.live
376,https://instagram.com/y_ar1492
377,https://instagram.com/yoonjae_1130
378,https://instagram.com/2.bin
379,https://instagram.com/1208_sj
380,https://instagram.com/___kim_0
381,https://instagram.com/hwangjungmin_
382,https://instagram.com/young_in1368
383,https://instagram.com/zum_3_
384,https://instagram.com/1_ran.thanx
385,https://instagram.com/_inblair
386,https://instagram.com/dn_wls
387,https://instagram.com/taczo_market
388,https://instagram.com/peizhangwo
389,https://instagram.com/luv_momo.ys
390,https://instagram.com/dj_liid_
391,https://instagram.com/minjichu_
392,https://instagram.com/wsen_jinhee
393,https://instagram.com/song_rina
394,https://instagram.com/realch
395,https://instagram.com/ha_seobin
396,https://instagram.com/chowo_n
397,https://instagram.com/_parkha
398,https://instagram.com/dr.g_official
399,https://instagram.com/s2eeeeul
400,https://instagram.com/sakinanba
401,https://instagram.com/feelyujin
402,https://instagram.com/dd9987_
403,https://instagram.com/joohea8
404,https://instagram.com/jjjin.young
405,https://instagram.com/lovelehee
406,https://instagram.com/hol_ddong
407,https://instagram.com/ellelynna
408,https://instagram.com/binicompany_yy
409,https://instagram.com/b_d.ijin
410,https://instagram.com/kkimhayoung
411,https://instagram.com/abbielee7
412,https://instagram.com/kiu_design_
413,https://instagram.com/by_ladymimi
414,https://instagram.com/mjkim0108
415,https://instagram.com/shu__________
416,https://instagram.com/leeseeraa
417,https://instagram.com/hxnjxwxn
418,https://instagram.com/kangnajj
419,https://instagram.com/1992.12.11
420,https://instagram.com/nara_crush
421,https://instagram.com/hwangbarbie
422,https://instagram.com/jooyeonking
423,https://instagram.com/_eun.me
424,https://instagram.com/i.am.mell
425,https://instagram.com/kkangsara
426,https://instagram.com/pila_nyong
427,https://instagram.com/chaae.rin
428,https://instagram.com/baeg_
429,https://instagram.com/miuforyou
430,https://instagram.com/luv_mintminty
431,https://instagram.com/diana_park0116
432,https://instagram.com/wsj007
433,https://instagram.com/choonran
434,https://instagram.com/6g_s2
435,https://instagram.com/____uhaa
436,https://instagram.com/__ssong2__
437,https://instagram.com/by_malla
438,https://instagram.com/shinae.lee
439,https://instagram.com/bbangmi.a
440,https://instagram.com/eaum0801
441,https://instagram.com/m_chae0_
442,https://instagram.com/gnal_nail
443,https://instagram.com/k_ming97
444,https://instagram.com/cherie_flavor
445,https://instagram.com/zin_uk
446,https://instagram.com/heurim.03.08
447,https://instagram.com/milladiary
448,https://instagram.com/model.yca
449,https://instagram.com/__luv_j
450,https://instagram.com/he.le.n._
451,https://instagram.com/154kg
452,https://instagram.com/sso_ix
453,https://instagram.com/from_dami
454,https://instagram.com/ellie_jye
455,https://instagram.com/lejour_official
456,https://instagram.com/hahana111
457,https://instagram.com/chxxilee
458,https://instagram.com/koojungyeon
459,https://instagram.com/dawoonyyy
460,https://instagram.com/ye_____vely
461,https://instagram.com/jeon.han_na
462,https://instagram.com/shuniibeauty
463,https://instagram.com/suno_photo82
464,https://instagram.com/ssuly.ssul
465,https://instagram.com/minjichu_
466,https://instagram.com/ujmoo_
467,https://instagram.com/april.haru
468,https://instagram.com/jjjin.young
469,https://instagram.com/haebbang2
470,https://instagram.com/hyunsuk_goby
471,https://instagram.com/yoomstagramm_
472,https://instagram.com/shiny_jin_30
473,https://instagram.com/bombom_daily_
474,https://instagram.com/h_villa_
475,https://instagram.com/kimssang83
476,https://instagram.com/sera0217
477,https://instagram.com/sweetyserim
478,https://instagram.com/__luv_j
479,https://instagram.com/ohmyseon
480,https://instagram.com/collour
481,https://instagram.com/jnnn2
482,https://instagram.com/ssol_ee
483,https://instagram.com/umji0714
484,https://instagram.com/ringhee
485,https://instagram.com/jessica_kimkayeon
486,https://instagram.com/goldpandang
487,https://instagram.com/lo9ve8r01s
488,https://instagram.com/hermia24
489,https://instagram.com/aya__m02
490,https://instagram.com/jiwon.loves
491,https://instagram.com/chul2gram
492,https://instagram.com/oh_dya
493,https://instagram.com/hhyun_ha
494,https://instagram.com/hellojiyoungs
495,https://instagram.com/diiin.d
496,https://instagram.com/jj.529529
497,https://instagram.com/chaeeun_eunchae
498,https://instagram.com/bad_seonghye
499,https://instagram.com/petite_bird_
500,https://instagram.com/bad_seonghye
501,https://instagram.com/parksojeong__
502,https://instagram.com/petite_bird_
503,https://instagram.com/huya_bros
504,https://instagram.com/dasom_lovely
505,https://instagram.com/ezpzlemonsqzy_
506,https://instagram.com/mua_kyungst
507,https://instagram.com/so_osj
508,https://instagram.com/damnii_
509,https://instagram.com/ch00_hj03
510,https://instagram.com/matiere_0
511,https://instagram.com/l.su_jung
512,https://instagram.com/gnal_yurim
513,https://instagram.com/yelilly
514,https://instagram.com/59.5994
515,https://instagram.com/solavlyy
516,https://instagram.com/songda_
517,https://instagram.com/oxemmay
518,https://instagram.com/ming._.p
519,https://instagram.com/code_name_junna
520,https://instagram.com/good.vibes.soap
521,https://instagram.com/aaaevely
522,https://instagram.com/taera_mxox
523,https://instagram.com/ssol_ee
524,https://instagram.com/about_reum
525,https://instagram.com/k_sh93
526,https://instagram.com/kylie_n_bright
527,https://instagram.com/eclado.hero
528,https://instagram.com/thejnana
529,https://instagram.com/bopianomagic
530,https://instagram.com/lovelywinkle
531,https://instagram.com/hongparksa
532,https://instagram.com/bo.jeong
533,https://instagram.com/jjaeris
534,https://instagram.com/_amour_j
535,https://instagram.com/ggap1214
536,https://instagram.com/396jiyoon
537,https://instagram.com/marieansu
538,https://instagram.com/yuif.yongha/
539,https://instagram.com/somsomvely
540,https://instagram.com/dddeony
541,https://instagram.com/nungo._.m
542,https://instagram.com/spider_0801
543,https://instagram.com/yehui_kim
544,https://instagram.com/luvmabin
545,https://instagram.com/luvle_j
546,https://instagram.com/eunyoung__jj
547,https://instagram.com/__ybom_
548,https://instagram.com/17_06_03_
549,https://instagram.com/especialbk
550,https://instagram.com/blanc_101
551,https://instagram.com/girl_from_town
552,https://instagram.com/_in_young
553,https://instagram.com/black_mhk
554,https://instagram.com/rikunim
555,https://instagram.com/mercirei
556,https://instagram.com/twinkle_leeyeonhui
557,https://instagram.com/seoa_feela
558,https://instagram.com/seungsse2
559,https://instagram.com/gjjye.__.s
560,https://instagram.com/jungeun_julia_kim
561,https://instagram.com/naming.cosmetic
562,https://instagram.com/01minji_baek
563,https://instagram.com/sso_pharm
564,https://instagram.com/ryokoko___
565,https://instagram.com/minsuu_
566,https://instagram.com/cherishxk_
567,https://instagram.com/jinhajin7
568,https://instagram.com/motd_sudal
569,https://instagram.com/c._.miiii
570,https://instagram.com/0128_rrr
571,https://instagram.com/dalrae.jin
572,https://instagram.com/ruru160616
573,https://instagram.com/yesbee92
574,https://instagram.com/kwakjihee
575,https://instagram.com/e_s.e.in_
576,https://instagram.com/parkinjin
577,https://instagram.com/davinluv
578,https://instagram.com/2mingbg
579,https://instagram.com/shillaipark
580,https://instagram.com/helstagram__s2
581,https://instagram.com/the.ariel
582,https://instagram.com/1evely1
583,https://instagram.com/ssong.unni
584,https://instagram.com/l___c___r
585,https://instagram.com/model_sera
586,https://instagram.com/qdrtcld
587,https://instagram.com/yessii__11
588,https://instagram.com/min_young777
589,https://instagram.com/exhyun
590,https://instagram.com/haeleun
591,https://instagram.com/equal_diamond
592,https://instagram.com/vurmuse
593,https://instagram.com/marozzang_cats
594,https://instagram.com/star__hee
595,https://instagram.com/pinkparfait0530
596,https://instagram.com/a.pply
597,https://instagram.com/eunseo_lee
598,https://instagram.com/cchokkong
599,https://instagram.com/si_so_m
600,https://instagram.com/inrong2
601,https://instagram.com/sae.byul
602,https://instagram.com/mercibody
603,https://instagram.com/luv_me_baby_
604,https://instagram.com/sweetjiana
605,https://instagram.com/jung_beom_park
606,https://instagram.com/haenimini
607,https://instagram.com/guindero
608,https://instagram.com/sein_xx
609,https://instagram.com/ming_9li
610,https://instagram.com/mable_xo
611,https://instagram.com/juheestory
612,https://instagram.com/sweet_emily9
613,https://instagram.com/yooeep
614,https://instagram.com/su.rystal
615,https://instagram.com/_coralhyang_
616,https://instagram.com/soobeanie_
617,https://instagram.com/gien_issei
618,https://instagram.com/leekug
619,https://instagram.com/tv_crystal
620,https://instagram.com/_____e.j
621,https://instagram.com/fromjosee
622,https://instagram.com/yyyyyyyyooo1
623,https://instagram.com/le__won
624,https://instagram.com/skingymco
625,https://instagram.com/sozonii
626,https://instagram.com/sieun91yu
627,https://instagram.com/_2.seul
628,https://instagram.com/didi_mamma
629,https://instagram.com/_ciel_0
630,https://instagram.com/moiet_moiet
631,https://instagram.com/mermaidviviv
632,https://instagram.com/olson2da
633,https://instagram.com/we__97
634,https://instagram.com/joyful_youngeun
635,https://instagram.com/ddunmee
636,https://instagram.com/young.story
637,https://instagram.com/uhu_sy
638,https://instagram.com/jjvely_oo
639,https://instagram.com/soonseol
640,https://instagram.com/tovot_3
641,https://instagram.com/minimechuu
642,https://instagram.com/ikw0977
643,https://instagram.com/so2star1
644,https://instagram.com/chaexju
645,https://instagram.com/kimmi_stagram
646,https://instagram.com/w_alxx
647,https://instagram.com/q.n.kk
648,https://instagram.com/oh_dya
649,https://instagram.com/jiinflower
650,https://instagram.com/woongrami
651,https://instagram.com/njellsol1
652,https://instagram.com/srjhrang
653,https://instagram.com/may.fleur
654,https://instagram.com/bootyjenny_
655,https://instagram.com/99_0425
656,https://instagram.com/wendychung
657,https://instagram.com/yoone2e
658,https://instagram.com/ddogibri
659,https://instagram.com/haye0n._.2
660,https://instagram.com/4.renzi
661,https://instagram.com/e_un1016
662,https://instagram.com/hs_u
663,https://instagram.com/yoolbellababy
664,https://instagram.com/snow.bambi
665,https://instagram.com/luv__dool2
666,https://instagram.com/dress_guru
667,https://instagram.com/meteljia
668,https://instagram.com/_s.__.z_
669,https://instagram.com/hwan_nini
670,https://instagram.com/zoah.u
671,https://instagram.com/seung_hun_0128
672,https://instagram.com/o3ong
673,https://instagram.com/parkjuya
674,https://instagram.com/jeon_n_
675,https://instagram.com/ifyoudie92
676,https://instagram.com/sexyhonga
677,https://instagram.com/dodo_chae.a
678,https://instagram.com/inaheeme
679,https://instagram.com/lady_minong
680,https://instagram.com/0203.20
681,https://instagram.com/a5udrey
682,https://instagram.com/mmkatie_
683,https://instagram.com/yeahfur
684,https://instagram.com/kchuls
685,https://instagram.com/dongkyu4158
686,https://instagram.com/wilyalam
687,https://instagram.com/lee_sr420
688,https://instagram.com/s2hyunnn
689,https://instagram.com/caansong
690,https://instagram.com/_____jjh
691,https://instagram.com/yui_zzang_kang
692,https://instagram.com/_rosybrown
693,https://instagram.com/somevely
694,https://instagram.com/bella__koo
695,https://instagram.com/sung_min1999
696,https://instagram.com/namong______
697,https://instagram.com/by_juha
698,https://instagram.com/terrorgirl12
699,https://instagram.com/v_yeon_
700,https://instagram.com/joutique600
701,https://instagram.com/isabelparkk
702,https://instagram.com/co.kr_511
703,https://instagram.com/e__naa
704,https://instagram.com/bora.own
705,https://instagram.com/4ranghj
706,https://instagram.com/yezi_mong
707,https://instagram.com/heenim1116
708,https://instagram.com/k_cw328
709,https://instagram.com/mindol_l
710,https://instagram.com/o.rooose
711,https://instagram.com/nailthechaeum
712,https://instagram.com/yu_ttogtti
713,https://instagram.com/hswj1221
714,https://instagram.com/bel.la__
715,https://instagram.com/yein1016
716,https://instagram.com/hk_hmi_96
717,https://instagram.com/zz__ia
718,https://instagram.com/happy._.ej
719,https://instagram.com/in000000
720,https://instagram.com/skinsos
721,https://instagram.com/samchic.jangeunsam
722,https://instagram.com/mikeysmakeup
723,https://instagram.com/msgabbys
724,https://instagram.com/mariennemh
725,https://instagram.com/yeinssong
726,https://instagram.com/oiooi303
727,https://instagram.com/pyh0401
728,https://instagram.com/boracay_nana
729,https://instagram.com/clubclio_official
730,https://instagram.com/luv_ssuji
731,https://instagram.com/soyou_park
732,https://instagram.com/chanoopy_
733,https://instagram.com/mybong_s2
734,https://instagram.com/me._.r_you
735,https://instagram.com/yuta.oteki
736,https://instagram.com/05_31_sj
737,https://instagram.com/mommanamu
738,https://instagram.com/chu_chu_chu_1228
739,https://instagram.com/sssoblyy
740,https://instagram.com/0o_____zo0
741,https://instagram.com/twins_roa_robin
742,https://instagram.com/body_ming
743,https://instagram.com/aranenglish
744,https://instagram.com/___winniewu___
745,https://instagram.com/hasunghuns
746,https://instagram.com/jiyom09
747,https://instagram.com/miqinddawoon
748,https://instagram.com/lianing_
749,https://instagram.com/semi09
750,https://instagram.com/k.narae_
751,https://instagram.com/sun_zuni
752,https://instagram.com/y__silri
753,https://instagram.com/heejung2918
754,https://instagram.com/q_dori
755,https://instagram.com/dasom_
756,https://instagram.com/collectamber_
757,https://instagram.com/femmefatale_mint
758,https://instagram.com/lovehany_sy
759,https://instagram.com/mynameanjin
760,https://instagram.com/photo_hair_cut
761,https://instagram.com/snow_kr_official
762,https://instagram.com/su._.pi
763,https://instagram.com/eun6381
764,https://instagram.com/jeon.han_na
765,https://instagram.com/chaemi.nail
766,https://instagram.com/zzangfox75
767,https://instagram.com/maylim_k
768,https://instagram.com/bae.sajang
769,https://instagram.com/yewon_____j
770,https://instagram.com/chocomousse0916
771,https://instagram.com/saravivid
772,https://instagram.com/banso
773,https://instagram.com/beauty.sketch
774,https://instagram.com/jihyea87
775,https://instagram.com/olivia.yoon_
776,https://instagram.com/jangkorea_
777,https://instagram.com/mimi__hye
778,https://instagram.com/ddddo.s
779,https://instagram.com/kimxxmiso
780,https://instagram.com/hae_a2019
781,https://instagram.com/0ing_ddoing
782,https://instagram.com/yoonseo860
783,https://instagram.com/minimining_
784,https://instagram.com/won850318
785,https://instagram.com/nunuher
786,https://instagram.com/1122__rabbit
787,https://instagram.com/_loveys_
788,https://instagram.com/pinkmint79
789,https://instagram.com/arcs.andsome
790,https://instagram.com/zihye_gyul
791,https://instagram.com/ka_young2000
792,https://instagram.com/beuuunjung
793,https://instagram.com/dipp_____
794,https://instagram.com/febriihikaru
795,https://instagram.com/echo.unni
796,https://instagram.com/justyoung__
797,https://instagram.com/wjsdkfka
798,https://instagram.com/bling_kimdana
799,https://instagram.com/s__.ugoi
800,https://instagram.com/winter_28270
801,https://instagram.com/_r.mming_
802,https://instagram.com/mihwa1127
803,https://instagram.com/catterjug
804,https://instagram.com/jinunmi
805,https://instagram.com/lee__min.ha
806,https://instagram.com/bjsjhses
807,https://instagram.com/dr.hong_
808,https://instagram.com/seo.ji.hoon
809,https://instagram.com/everycare_kr
810,https://instagram.com/rani_1027
811,https://instagram.com/j.on___
812,https://instagram.com/lucky_mybaby
813,https://instagram.com/seha_03
814,https://instagram.com/susulovemj
815,https://instagram.com/kangseungok3646
816,https://instagram.com/costrama
817,https://instagram.com/aggieku0201
818,https://instagram.com/jung___a
819,https://instagram.com/jyzizima
820,https://instagram.com/kkoch1115
821,https://instagram.com/youngjoo1225
822,https://instagram.com/bo___seok_
823,https://instagram.com/jungsungaa
824,https://instagram.com/da.and.woo
825,https://instagram.com/mingarden_
826,https://instagram.com/yoon_youngme
827,https://instagram.com/mseoka
828,https://instagram.com/4yyyyoon
829,https://instagram.com/tmxkdysl
830,https://instagram.com/gowooon_m111
831,https://instagram.com/nahee_kim88
832,https://instagram.com/su.j1n1
833,https://instagram.com/hyrn._.04
834,https://instagram.com/tiffanys3o
835,https://instagram.com/sy8379
836,https://instagram.com/3puppy
837,https://instagram.com/ggool25
838,https://instagram.com/haneuddeum
839,https://instagram.com/_seo.hui.93
840,https://instagram.com/jenny5466
841,https://instagram.com/hano.gram
842,https://instagram.com/younsunhey
843,https://instagram.com/woorin_j
844,https://instagram.com/hi_1204_
845,https://instagram.com/cutteyooung
846,https://instagram.com/2__inn
847,https://instagram.com/marshallbride
848,https://instagram.com/jinmi_nana
849,https://instagram.com/__________yuri_
850,https://instagram.com/gomsnap
851,https://instagram.com/tweet_song
852,https://instagram.com/ch_seojin
853,https://instagram.com/dd__boon
854,https://instagram.com/ks_vely7
855,https://instagram.com/u_luv_me
856,https://instagram.com/ggyu_o3o
857,https://instagram.com/elly0126
858,https://instagram.com/kimjubu_home
859,https://instagram.com/rosefix
860,https://instagram.com/h.hailey__
861,https://instagram.com/jisungire
862,https://instagram.com/_castella_
863,https://instagram.com/ha_sisters__
864,https://instagram.com/_oliviastory
865,https://instagram.com/by_talktome
866,https://instagram.com/aripi_06
867,https://instagram.com/woolzzin
868,https://instagram.com/moon.light0619
869,https://instagram.com/z_hyunee
870,https://instagram.com/khsolvly
871,https://instagram.com/_sia.mom_
872,https://instagram.com/im2ezz
873,https://instagram.com/lovely_s2_j
874,https://instagram.com/eeun_98
875,https://instagram.com/dhy_6
876,https://instagram.com/l.hyun_____
877,https://instagram.com/amorepacific.official
878,https://instagram.com/___bluelotus
879,https://instagram.com/ssossolovely
880,https://instagram.com/miu_boutique
881,https://instagram.com/sihyuuun
882,https://instagram.com/kang.n_ay
883,https://instagram.com/m_inhyo
884,https://instagram.com/haru_love2015
885,https://instagram.com/_linsun__
886,https://instagram.com/modenysoo
887,https://instagram.com/hyeyoungeyo
888,https://instagram.com/_hotbin
889,https://instagram.com/bling__tae
890,https://instagram.com/a_z_e_
891,https://instagram.com/lulie___
892,https://instagram.com/_bestido
893,https://instagram.com/kim_hj74
894,https://instagram.com/ravienana
895,https://instagram.com/lip_song
896,https://instagram.com/binnalyoon
897,https://instagram.com/mocoming
898,https://instagram.com/k_________leo
899,https://instagram.com/kimyamjeon
900,https://instagram.com/who_ansso
901,https://instagram.com/_kkzy
902,https://instagram.com/yooonnami
903,https://instagram.com/dkdud5070
904,https://instagram.com/bini_0125
905,https://instagram.com/_sarang
906,https://instagram.com/smilejoanna22
907,https://instagram.com/ssangdiya
908,https://instagram.com/lovelyddung
909,https://instagram.com/iam.ggu
910,https://instagram.com/wjdekadl3
911,https://instagram.com/b0ol_
912,https://instagram.com/9.1.0.7.3.0
913,https://instagram.com/juhee_sohn
914,https://instagram.com/pdj.1989
915,https://instagram.com/94danmie
916,https://instagram.com/i_amjini
917,https://instagram.com/yeonions
918,https://instagram.com/bbjini
919,https://instagram.com/_rumiii
920,https://instagram.com/baisookr
921,https://instagram.com/adel_j_
922,https://instagram.com/jjyy.1014
923,https://instagram.com/manyofactory_official
924,https://instagram.com/inthe_h__1
925,https://instagram.com/ain_jane
926,https://instagram.com/chae_jinju
927,https://instagram.com/palmier._
928,https://instagram.com/jehwani2222
929,https://instagram.com/sean_mom_miso
930,https://instagram.com/dda_ddable
931,https://instagram.com/ang6624
932,https://instagram.com/hilty74
933,https://instagram.com/reve_sunhwa
934,https://instagram.com/search4matchip
935,https://instagram.com/ssongjiyam
936,https://instagram.com/njellsol
937,https://instagram.com/bambi_nimo
938,https://instagram.com/do_ob93
939,https://instagram.com/habin_s2_chu
940,https://instagram.com/melo__j
941,https://instagram.com/shin_hope
942,https://instagram.com/angelwhite79
943,https://instagram.com/bbonjlove
944,https://instagram.com/hyejeongj
945,https://instagram.com/mong__bee
946,https://instagram.com/coordibling
947,https://instagram.com/hani_823
948,https://instagram.com/iam_tasoon
949,https://instagram.com/dum_a_official
950,https://instagram.com/handy_j
951,https://instagram.com/limzio_
952,https://instagram.com/kangda.bong
953,https://instagram.com/so1ji
954,https://instagram.com/yucca_official
955,https://instagram.com/h_eeny
956,https://instagram.com/mmmino_mom
957,https://instagram.com/jh1130
958,https://instagram.com/kimreeslev
959,https://instagram.com/subnii
960,https://instagram.com/96.8g
961,https://instagram.com/samchic.nana
962,https://instagram.com/mr_hwangdo
963,https://instagram.com/ye_bin_mom
964,https://instagram.com/love018294
965,https://instagram.com/yuaring
966,https://instagram.com/yeonhoo__mom
967,https://instagram.com/snowwhite_u
968,https://instagram.com/love_jin215
969,https://instagram.com/msensation
970,https://instagram.com/luce.soll
971,https://instagram.com/chic_gimme
972,https://instagram.com/minsco_
973,https://instagram.com/y.unnm
974,https://instagram.com/am.ton_100k
975,https://instagram.com/kirin_makeup
976,https://instagram.com/j_j_u._.u
977,https://instagram.com/s.he2__
978,https://instagram.com/luvjemma
979,https://instagram.com/cyxxm
980,https://instagram.com/lim_friendship
981,https://instagram.com/heeyayum
982,https://instagram.com/goonyyeonee
983,https://instagram.com/vousmaimezs
984,https://instagram.com/jekyllhb
985,https://instagram.com/imurjaeinc
986,https://instagram.com/heegela
987,https://instagram.com/ajungmi__
988,https://instagram.com/damsluv
989,https://instagram.com/8._.13_
990,https://instagram.com/su__monde
991,https://instagram.com/mickeysee
992,https://instagram.com/naraeqq
993,https://instagram.com/jy0_0e
994,https://instagram.com/leedrey
995,https://instagram.com/seojeong__2
996,https://instagram.com/yonwoo_mom
997,https://instagram.com/roro_bebe_
998,https://instagram.com/gegur2
999,https://instagram.com/chu3u
